{
	"song": {
		"player1": "pbf",
		"player2": "pgf",
		"events": [],
		"notes": [
			{
				"lengthInSteps": 16,
				"typeOfSection": 0,
				"sectionNotes": [
					[
						1333.33333333333,
						2,
						333.333333333333
					]
				],
				"altAnim": false,
				"gfSection": false,
				"bpm": 150,
				"changeBPM": false,
				"mustHitSection": true
			},
			{
				"lengthInSteps": 16,
				"typeOfSection": 0,
				"sectionNotes": [
					[
						1777.77777777778,
						2,
						0
					],
					[
						2000,
						1,
						0
					],
					[
						2222.22222222222,
						2,
						0
					],
					[
						3111.11111111111,
						0,
						0
					],
					[
						3333.33333333333,
						3,
						0
					],
					[
						3333.33333333333,
						1,
						0
					],
					[
						2444.44444444444,
						1,
						0
					],
					[
						2555.55555555556,
						2,
						0
					],
					[
						2666.66666666667,
						3,
						0
					],
					[
						2888.88888888889,
						1,
						0
					]
				],
				"altAnim": false,
				"gfSection": false,
				"bpm": 150,
				"changeBPM": false,
				"mustHitSection": true
			},
			{
				"lengthInSteps": 16,
				"typeOfSection": 0,
				"sectionNotes": [
					[
						3777.77777777778,
						2,
						0
					],
					[
						3777.77777777778,
						0,
						0
					],
					[
						4222.22222222222,
						3,
						0
					],
					[
						4222.22222222222,
						1,
						0
					],
					[
						4666.66666666667,
						0,
						0
					],
					[
						4888.88888888889,
						1,
						0
					],
					[
						5111.11111111111,
						2,
						0
					],
					[
						5222.22222222222,
						3,
						0
					],
					[
						4444.44444444444,
						1,
						0
					]
				],
				"altAnim": false,
				"gfSection": false,
				"bpm": 150,
				"changeBPM": false,
				"mustHitSection": true
			},
			{
				"lengthInSteps": 16,
				"typeOfSection": 0,
				"sectionNotes": [
					[
						5555.55555555556,
						3,
						0
					],
					[
						5333.33333333333,
						1,
						0
					],
					[
						5777.77777777778,
						1,
						0
					],
					[
						6000,
						0,
						333.333333333333
					],
					[
						6222.22222222222,
						1,
						111.111111111111
					],
					[
						6444.44444444445,
						2,
						0
					],
					[
						6444.44444444445,
						3,
						0
					],
					[
						6666.66666666667,
						1,
						0
					],
					[
						6666.66666666667,
						0,
						0
					],
					[
						6888.88888888889,
						3,
						0
					],
					[
						7000,
						2,
						0
					]
				],
				"altAnim": false,
				"gfSection": false,
				"bpm": 150,
				"changeBPM": false,
				"mustHitSection": true
			},
			{
				"lengthInSteps": 16,
				"typeOfSection": 0,
				"sectionNotes": [
					[
						7333.33333333333,
						0,
						0
					],
					[
						7555.55555555556,
						2,
						0
					],
					[
						7777.77777777778,
						3,
						333.333333333333
					],
					[
						8000,
						2,
						111.111111111111
					],
					[
						8222.22222222222,
						0,
						333.333333333333
					],
					[
						8333.33333333333,
						1,
						222.222222222222
					],
					[
						8666.66666666667,
						2,
						0
					],
					[
						8777.77777777778,
						3,
						0
					]
				],
				"altAnim": false,
				"gfSection": false,
				"bpm": 150,
				"changeBPM": false,
				"mustHitSection": true
			},
			{
				"lengthInSteps": 16,
				"typeOfSection": 0,
				"sectionNotes": [
					[
						9222.22222222222,
						1,
						0
					],
					[
						9333.33333333333,
						0,
						0
					],
					[
						9000,
						2,
						0
					],
					[
						9444.44444444444,
						2,
						0
					],
					[
						9555.55555555555,
						1,
						0
					],
					[
						9666.66666666667,
						2,
						0
					],
					[
						9777.77777777778,
						1,
						0
					],
					[
						9888.88888888889,
						3,
						0
					],
					[
						10000,
						2,
						0
					],
					[
						10222.2222222222,
						0,
						0
					],
					[
						10333.3333333333,
						1,
						0
					],
					[
						10444.4444444444,
						2,
						0
					],
					[
						10555.5555555556,
						3,
						0
					]
				],
				"altAnim": false,
				"gfSection": false,
				"bpm": 150,
				"changeBPM": false,
				"mustHitSection": true
			},
			{
				"lengthInSteps": 16,
				"typeOfSection": 0,
				"sectionNotes": [
					[
						10777.7777777778,
						2,
						0
					],
					[
						10777.7777777778,
						1,
						0
					],
					[
						11000,
						3,
						0
					],
					[
						11000,
						0,
						0
					],
					[
						11111.1111111111,
						2,
						0
					],
					[
						11222.2222222222,
						1,
						0
					],
					[
						11333.3333333333,
						2,
						0
					],
					[
						11444.4444444444,
						3,
						0
					],
					[
						11555.5555555556,
						0,
						0
					],
					[
						11666.6666666667,
						3,
						0
					],
					[
						11777.7777777778,
						0,
						0
					],
					[
						11888.8888888889,
						3,
						0
					],
					[
						12000,
						2,
						0
					],
					[
						12111.1111111111,
						1,
						0
					],
					[
						12222.2222222222,
						0,
						0
					],
					[
						12333.3333333333,
						2,
						0
					]
				],
				"altAnim": false,
				"gfSection": false,
				"bpm": 150,
				"changeBPM": false,
				"mustHitSection": true
			},
			{
				"lengthInSteps": 16,
				"typeOfSection": 0,
				"sectionNotes": [
					[
						12666.6666666667,
						1,
						0
					],
					[
						12888.8888888889,
						2,
						0
					],
					[
						13111.1111111111,
						3,
						666.666666666667
					],
					[
						13555.5555555556,
						0,
						0
					],
					[
						13777.7777777778,
						1,
						0
					],
					[
						14000,
						2,
						0
					],
					[
						14111.1111111111,
						3,
						0
					]
				],
				"altAnim": false,
				"gfSection": false,
				"bpm": 150,
				"changeBPM": false,
				"mustHitSection": true
			},
			{
				"lengthInSteps": 16,
				"typeOfSection": 0,
				"sectionNotes": [
					[
						14444.4444444444,
						1,
						0
					],
					[
						14666.6666666667,
						0,
						0
					],
					[
						14888.8888888889,
						2,
						0
					],
					[
						15111.1111111111,
						3,
						0
					],
					[
						14777.7777777778,
						1,
						0
					],
					[
						14222.2222222222,
						2,
						0
					],
					[
						15555.5555555556,
						1,
						333.333333333333
					],
					[
						15777.7777777778,
						2,
						0
					],
					[
						15555.5555555556,
						2,
						0
					],
					[
						15333.3333333333,
						0,
						0
					]
				],
				"altAnim": false,
				"gfSection": false,
				"bpm": 150,
				"changeBPM": false,
				"mustHitSection": true
			},
			{
				"lengthInSteps": 16,
				"typeOfSection": 0,
				"sectionNotes": [
					[
						16222.2222222222,
						1,
						0
					],
					[
						17555.5555555556,
						3,
						0
					],
					[
						17555.5555555556,
						1,
						0
					],
					[
						16000,
						3,
						0
					],
					[
						16000,
						0,
						0
					],
					[
						16222.2222222222,
						2,
						0
					],
					[
						16444.4444444444,
						0,
						0
					],
					[
						16444.4444444444,
						1,
						0
					],
					[
						16666.6666666667,
						3,
						0
					],
					[
						16666.6666666667,
						2,
						0
					],
					[
						16888.8888888889,
						2,
						0
					],
					[
						17000,
						1,
						0
					],
					[
						17111.1111111111,
						0,
						0
					],
					[
						17333.3333333333,
						1,
						0
					],
					[
						17555.5555555556,
						2,
						0
					]
				],
				"altAnim": false,
				"gfSection": false,
				"bpm": 150,
				"changeBPM": false,
				"mustHitSection": true
			},
			{
				"lengthInSteps": 16,
				"typeOfSection": 0,